{
  "sample_sizes_per_arm": {
    "baseline_0.10_mde_0.02_alpha_0.05_power_0.80": 3841,
    "baseline_0.05_mde_0.01_alpha_0.05_power_0.80": 8158,
    "baseline_0.20_mde_0.05_alpha_0.05_power_0.80": 1094
  },
  "peeking_bias": {
    "n_sims": 1000,
    "nominal_alpha": 0.05,
    "empirical_fpr": 0.385,
    "inflation_factor": 7.7,
    "median_stop_time": 5000,
    "peek_every": 50,
    "max_n_per_arm": 5000,
    "observed_lift_at_stop_sample": [
      -0.2,
      -0.2,
      -0.18000000000000002,
      -0.18,
      -0.16,
      -0.15999999999999998,
      -0.15999999999999998,
      -0.15999999999999998,
      -0.14,
      -0.14,
      "\u2026",
      0.16,
      0.16,
      0.16,
      0.18,
      0.18,
      0.18000000000000002,
      0.18000000000000002,
      0.19999999999999998,
      0.22000000000000003,
      0.24
    ]
  },
  "prob_b_gt_a_mc_120_1000_140_1000": 0.9092,
  "beta_pdf_reference": {
    "a": 121,
    "b": 881,
    "note": "Beta(121, 881) posterior: uniform prior + 120/1000 observed.",
    "xy_pairs": [
      [
        0.001,
        0.0
      ],
      [
        0.0509,
        0.0
      ],
      [
        0.1008,
        5.643
      ],
      [
        0.1507,
        0.7764
      ],
      [
        0.2006,
        0.0
      ],
      [
        0.2505,
        0.0
      ],
      [
        0.3004,
        0.0
      ],
      [
        0.3503,
        0.0
      ],
      [
        0.4002,
        0.0
      ],
      [
        0.4501,
        0.0
      ],
      [
        0.5,
        0.0
      ],
      [
        0.5499,
        0.0
      ],
      [
        0.5998,
        0.0
      ],
      [
        0.6497,
        0.0
      ],
      [
        0.6996,
        0.0
      ],
      [
        0.7495,
        0.0
      ],
      [
        0.7994,
        0.0
      ],
      [
        0.8493,
        0.0
      ],
      [
        0.8992,
        0.0
      ],
      [
        0.9491,
        0.0
      ],
      [
        0.999,
        0.0
      ]
    ]
  },
  "regenerated_at": "2026-04-23T18:46:44.975254+00:00",
  "build_seconds": 1.39,
  "seed": 42
}