{
  "sample_sizes_per_arm": {
    "baseline_0.10_mde_0.02_alpha_0.05_power_0.80": 3841,
    "baseline_0.05_mde_0.01_alpha_0.05_power_0.80": 8158,
    "baseline_0.20_mde_0.05_alpha_0.05_power_0.80": 1094
  },
  "peeking_bias": {
    "n_sims": 1000,
    "nominal_alpha": 0.05,
    "empirical_fpr": 0.385,
    "inflation_factor": 7.7,
    "median_stop_time": 5000,
    "peek_every": 50,
    "max_n_per_arm": 5000,
    "observed_lift_at_stop_sample": [
      -0.2,
      -0.2,
      -0.18000000000000002,
      -0.18,
      -0.16,
      -0.15999999999999998,
      -0.15999999999999998,
      -0.15999999999999998,
      -0.14,
      -0.14,
      "\u2026",
      0.16,
      0.16,
      0.16,
      0.18,
      0.18,
      0.18000000000000002,
      0.18000000000000002,
      0.19999999999999998,
      0.22000000000000003,
      0.24
    ]
  },
  "multi_seed_summary": {
    "n_seeds": 50,
    "base_seed": 1000,
    "sims_per_seed": 200,
    "note": "Each seed is an independent run of the same protocol. Bands describe sampling variance \u2014 the lesson the lab is about. Point-estimate keys above are kept for backwards compatibility with the live page; future page updates can replace them with mean \u00b1 p05/p95 from this block.",
    "empirical_fpr": {
      "n": 50,
      "mean": 0.3734,
      "std": 0.0301,
      "p05": 0.335,
      "p50": 0.3675,
      "p95": 0.4227,
      "min": 0.285,
      "max": 0.44
    },
    "inflation_factor": {
      "n": 50,
      "mean": 7.468,
      "std": 0.6029,
      "p05": 6.7,
      "p50": 7.35,
      "p95": 8.455,
      "min": 5.7,
      "max": 8.8
    },
    "median_stop_time": {
      "n": 50,
      "mean": 5000.0,
      "std": 0.0,
      "p05": 5000.0,
      "p50": 5000.0,
      "p95": 5000.0,
      "min": 5000.0,
      "max": 5000.0
    },
    "prob_b_gt_a_120_1000_140_1000": {
      "n": 50,
      "mean": 0.9078,
      "std": 0.0037,
      "p05": 0.9012,
      "p50": 0.9083,
      "p95": 0.9141,
      "min": 0.9004,
      "max": 0.9176
    }
  },
  "prob_b_gt_a_mc_120_1000_140_1000": 0.9092,
  "beta_pdf_reference": {
    "a": 121,
    "b": 881,
    "note": "Beta(121, 881) posterior: uniform prior + 120/1000 observed.",
    "xy_pairs": [
      [
        0.001,
        0.0
      ],
      [
        0.0509,
        0.0
      ],
      [
        0.1008,
        5.643
      ],
      [
        0.1507,
        0.7764
      ],
      [
        0.2006,
        0.0
      ],
      [
        0.2505,
        0.0
      ],
      [
        0.3004,
        0.0
      ],
      [
        0.3503,
        0.0
      ],
      [
        0.4002,
        0.0
      ],
      [
        0.4501,
        0.0
      ],
      [
        0.5,
        0.0
      ],
      [
        0.5499,
        0.0
      ],
      [
        0.5998,
        0.0
      ],
      [
        0.6497,
        0.0
      ],
      [
        0.6996,
        0.0
      ],
      [
        0.7495,
        0.0
      ],
      [
        0.7994,
        0.0
      ],
      [
        0.8493,
        0.0
      ],
      [
        0.8992,
        0.0
      ],
      [
        0.9491,
        0.0
      ],
      [
        0.999,
        0.0
      ]
    ]
  },
  "regenerated_at": "2026-04-30T20:20:04.318413+00:00",
  "build_seconds": 14.65,
  "seed": 42
}