{"method":"kmeans","k":4,"feature_order":["recency","frequency","monetary"],"log_transform":true,"means":[4.4636,1.533,6.8295],"stds":[1.5418,0.7678,1.2778],"centroids_scaled":[[-0.8781,-0.3266,-0.279],[0.463,0.2382,0.4083],[0.881,-0.8994,-0.9602],[-1.0708,1.4682,1.3156]],"centroids_pca":[[0.067,-0.9686],[0.1638,0.6373],[-1.5786,0.1018],[2.2411,0.0475]],"pca_mean":[0.0,0.0,-0.0],"pca_components":[[-0.499169,0.619497,0.605849],[0.86317,0.294216,0.410336]],"cluster_names":{"0":"Active Mid-Tier","1":"Fading Mid-Tier","2":"Dormant Low-Value","3":"Loyal Champions"},"feature_hints":{"recency":{"min":0,"max":400,"step":1,"default":96},"frequency":{"min":1,"max":50,"step":1,"default":3},"monetary":{"min":0,"max":10000,"step":10,"default":899}}}